insight_id,insight_category,detector_name,entity_keys,display_entity,metric_id,metric_display_name,time_context,severity_score,confidence_score,business_priority_score,final_rank_score,validation_status,direction_confidence,evidence_struct,peer_group_info,narrative_stub,recommendation_stub,caveats,raw_value,wow_delta,anomaly_score,deterioration_score,streak_length,peer_group_description,peer_group_size,peer_confidence,entity_value,peer_median,gap_abs,gap_pct,target_metric,candidate_driver,association_strength,narrative_label
INS-001111,persistent_deterioration,persistent_deterioration,"{""COUNTRY"": ""BR"", ""CITY"": ""Grande São Paulo"", ""ZONE"": ""SP - SP - Santo Amaro/Jabaquara""}",BR | Grande São Paulo | SP - SP - Santo Amaro/Jabaquara,mltv_top_verticals_adoption,MLTV Top Verticals Adoption,L0W,1.0,0.65025,1.0,0.710845875,pending_business_validation,provisional,"{""streak_length"": 8, ""streak_threshold"": 3, ""worsening_share_last4"": 1.0, ""wow_delta_current"": -0.0076970549}",,,,direction provisional; validation_status=pending_business_validation; streak threshold provisional,0.3855208674,-0.0076970549,-2.0334746894397986,1.0,8.0,not_applicable,,,,,,,,,,
INS-006341,opportunity,opportunity,"{""COUNTRY"": ""MX"", ""CITY"": ""Guadalajara"", ""ZONE"": ""Valle Real""}",MX | Guadalajara | Valle Real,restaurants_markdowns_gmv,Restaurants Markdowns / GMV,L0W,1.0,0.6358,1.0,0.7067493,pending_business_validation,provisional,"{""gap_pct"": -0.45348513945638175, ""high_priority_zone"": true, ""is_peer_outperform"": true, ""streak_improvement"": 3}","{""peer_confidence"": ""reliable"", ""peer_group_size"": 15}",,,"direction provisional; validation_status=pending_business_validation; oportunidad basada en reglas, no causalidad",0.07113885884,-0.0007678644300000009,0.0,,3.0,primary/fallback_behavior,15.0,reliable,,0.1301682058,-0.05902934695999999,-0.45348513945638175,,,,
INS-000017,anomaly,anomaly_point,"{""COUNTRY"": ""CO"", ""CITY"": ""Medellin"", ""ZONE"": ""Envigado""}",CO | Medellin | Envigado,gross_profit_ue,Gross Profit UE,L0W,0.9455943142811257,0.686375,1.0,0.7012564400554704,pending_business_validation,provisional,"{""mad"": 0.06817654199999978, ""median_value"": 2.728196589, ""modified_z"": -4.153488719925116, ""prev_value"": 2.948885531, ""raw_value"": 2.30837376, ""thresholds"": {""robust_z"": 2.5, ""wow_pct"": 0.1}, ""wow_delta"": -0.6405117710000003, ""wow_pct"": -0.21720469115082797}",,,,direction provisional; validation_status=pending_business_validation; thresholds provisionales,2.30837376,-0.6405117710000003,-4.153488719925116,,,not_applicable,,,,,,,,,,
INS-006515,opportunity,opportunity,"{""COUNTRY"": ""CO"", ""CITY"": ""Bogota"", ""ZONE"": ""Suba""}",CO | Bogota | Suba,mltv_top_verticals_adoption,MLTV Top Verticals Adoption,L0W,1.0,0.5722200000000001,1.0,0.6887243700000001,pending_business_validation,provisional,"{""gap_pct"": 0.7835948533035646, ""high_priority_zone"": true, ""is_peer_outperform"": true, ""streak_improvement"": 0}","{""peer_confidence"": ""reliable"", ""peer_group_size"": 14}",,,"direction provisional; validation_status=pending_business_validation; oportunidad basada en reglas, no causalidad",0.3190934045,-0.0024637835999999913,-0.6745,,0.0,primary/fallback_behavior,14.0,reliable,,0.17890464525,0.14018875925000002,0.7835948533035646,,,,
INS-006397,opportunity,opportunity,"{""COUNTRY"": ""CO"", ""CITY"": ""Medellin"", ""ZONE"": ""Laureles_belén""}",CO | Medellin | Laureles_belén,mltv_top_verticals_adoption,MLTV Top Verticals Adoption,L0W,1.0,0.5722200000000001,1.0,0.6887243700000001,pending_business_validation,provisional,"{""gap_pct"": 1.201753401369549, ""high_priority_zone"": true, ""is_peer_outperform"": true, ""streak_improvement"": 0}","{""peer_confidence"": ""reliable"", ""peer_group_size"": 14}",,,"direction provisional; validation_status=pending_business_validation; oportunidad basada en reglas, no causalidad",0.3939039112,-0.0031411738999999606,-0.9248637763063751,,0.0,primary/fallback_behavior,14.0,reliable,,0.17890464525,0.21499926595000002,1.201753401369549,,,,
INS-003864,opportunity,opportunity,"{""COUNTRY"": ""MX"", ""CITY"": ""Guadalajara"", ""ZONE"": ""Valle Real""}",MX | Guadalajara | Valle Real,gross_profit_ue,Gross Profit UE,L0W,1.0,0.5722200000000001,1.0,0.6887243700000001,pending_business_validation,provisional,"{""gap_pct"": 1.658476492524601, ""high_priority_zone"": true, ""is_peer_outperform"": true, ""streak_improvement"": 0}","{""peer_confidence"": ""reliable"", ""peer_group_size"": 15}",,,"direction provisional; validation_status=pending_business_validation; oportunidad basada en reglas, no causalidad",3.78053395,-0.02783941799999967,0.6745,,0.0,primary/fallback_behavior,15.0,reliable,,1.42206785,2.3584661000000002,1.658476492524601,,,,
INS-005621,opportunity,opportunity,"{""COUNTRY"": ""CO"", ""CITY"": ""Medellin"", ""ZONE"": ""Envigado""}",CO | Medellin | Envigado,mltv_top_verticals_adoption,MLTV Top Verticals Adoption,L0W,1.0,0.5722200000000001,1.0,0.6887243700000001,pending_business_validation,provisional,"{""gap_pct"": 1.7935668875540278, ""high_priority_zone"": true, ""is_peer_outperform"": true, ""streak_improvement"": 0}","{""peer_confidence"": ""reliable"", ""peer_group_size"": 14}",,,"direction provisional; validation_status=pending_business_validation; oportunidad basada en reglas, no causalidad",0.499782093,-0.0036315554000000416,-1.2039597864010902,,0.0,primary/fallback_behavior,14.0,reliable,,0.17890464525,0.32087744775,1.7935668875540278,,,,
INS-005574,opportunity,opportunity,"{""COUNTRY"": ""CO"", ""CITY"": ""Medellin"", ""ZONE"": ""Envigado""}",CO | Medellin | Envigado,pro_adoption_last_week,Pro Adoption (Last Week Status),L0W,1.0,0.5722200000000001,1.0,0.6887243700000001,pending_business_validation,provisional,"{""gap_pct"": 0.7870705402657266, ""high_priority_zone"": true, ""is_peer_outperform"": true, ""streak_improvement"": 1}","{""peer_confidence"": ""reliable"", ""peer_group_size"": 14}",,,"direction provisional; validation_status=pending_business_validation; oportunidad basada en reglas, no causalidad",0.4735067437,0.018687878400000024,9.689068929142236,,1.0,primary/fallback_behavior,14.0,reliable,,0.26496253675000003,0.20854420694999998,0.7870705402657266,,,,
INS-000007,anomaly,anomaly_point,"{""COUNTRY"": ""PE"", ""CITY"": ""Piura"", ""ZONE"": ""Enace""}",PE | Piura | Enace,gross_profit_ue,Gross Profit UE,L0W,1.0,0.686375,0.75,0.6805873125,pending_business_validation,provisional,"{""mad"": 0.3189727415, ""median_value"": 0.7302621093, ""modified_z"": -2.543306411372459, ""prev_value"": 0.6076870635, ""raw_value"": -0.4724738707, ""thresholds"": {""robust_z"": 2.5, ""wow_pct"": 0.1}, ""wow_delta"": -1.0801609342, ""wow_pct"": -1.7774953575262344}",,,,direction provisional; validation_status=pending_business_validation; thresholds provisionales,-0.4724738707,-1.0801609342,-2.543306411372459,,,not_applicable,,,,,,,,,,
INS-001294,persistent_deterioration,persistent_deterioration,"{""COUNTRY"": ""EC"", ""CITY"": ""Guayaquil"", ""ZONE"": ""Samborondon""}",EC | Guayaquil | Samborondon,mltv_top_verticals_adoption,MLTV Top Verticals Adoption,L0W,1.0,0.65025,0.75,0.6703458750000001,pending_business_validation,provisional,"{""streak_length"": 8, ""streak_threshold"": 3, ""worsening_share_last4"": 1.0, ""wow_delta_current"": -0.005795968800000023}",,,,direction provisional; validation_status=pending_business_validation; streak threshold provisional,0.2471929353,-0.005795968800000023,-1.2494134806544626,1.0,8.0,not_applicable,,,,,,,,,,
INS-001463,persistent_deterioration,persistent_deterioration,"{""COUNTRY"": ""MX"", ""CITY"": ""Guadalajara"", ""ZONE"": ""La tijera""}",MX | Guadalajara | La tijera,turbo_adoption,Turbo Adoption,L0W,1.0,0.65025,0.75,0.6703458750000001,pending_business_validation,provisional,"{""streak_length"": 8, ""streak_threshold"": 3, ""worsening_share_last4"": 1.0, ""wow_delta_current"": -0.007745858930000002}",,,,direction provisional; validation_status=pending_business_validation; streak threshold provisional,0.08201959949,-0.007745858930000002,-3.255769781885449,1.0,8.0,not_applicable,,,,,,,,,,
INS-000578,persistent_deterioration,persistent_deterioration,"{""COUNTRY"": ""EC"", ""CITY"": ""Quito"", ""ZONE"": ""La Morita II""}",EC | Quito | La Morita II,restaurants_markdowns_gmv,Restaurants Markdowns / GMV,L0W,1.0,0.65025,0.75,0.6703458750000001,pending_business_validation,provisional,"{""streak_length"": 8, ""streak_threshold"": 3, ""worsening_share_last4"": 1.0, ""wow_delta_current"": 0.0011012136999999922}",,,,direction provisional; validation_status=pending_business_validation; streak threshold provisional,0.1696406892,0.0011012136999999922,0.8799975914288212,1.0,8.0,not_applicable,,,,,,,,,,
INS-000632,persistent_deterioration,persistent_deterioration,"{""COUNTRY"": ""MX"", ""CITY"": ""Playa Del Carmen"", ""ZONE"": ""PDC_Centro""}",MX | Playa Del Carmen | PDC_Centro,restaurants_ss_atc_cvr,Restaurants SS > ATC CVR,L0W,1.0,0.65025,0.75,0.6703458750000001,pending_business_validation,provisional,"{""streak_length"": 8, ""streak_threshold"": 3, ""worsening_share_last4"": 1.0, ""wow_delta_current"": -0.0031511790999999567}",,,,direction provisional; validation_status=pending_business_validation; streak threshold provisional,0.6266551898,-0.0031511790999999567,-1.0007209075068988,1.0,8.0,not_applicable,,,,,,,,,,
INS-005843,opportunity,opportunity,"{""COUNTRY"": ""MX"", ""CITY"": ""Monterrey"", ""ZONE"": ""San Pedro""}",MX | Monterrey | San Pedro,pro_adoption_last_week,Pro Adoption (Last Week Status),L0W,1.0,0.6358,0.75,0.6662493,pending_business_validation,provisional,"{""gap_pct"": 0.6607759914579453, ""high_priority_zone"": false, ""is_peer_outperform"": true, ""streak_improvement"": 5}","{""peer_confidence"": ""reliable"", ""peer_group_size"": 57}",,,"direction provisional; validation_status=pending_business_validation; oportunidad basada en reglas, no causalidad",0.6121794872,0.0211273112,3.9109055012095877,,5.0,primary/fallback_behavior,57.0,reliable,,0.3686105112,0.24356897600000005,0.6607759914579453,,,,
INS-004907,opportunity,opportunity,"{""COUNTRY"": ""CL"", ""CITY"": ""Santiago De Chile"", ""ZONE"": ""Independencia""}",CL | Santiago De Chile | Independencia,mltv_top_verticals_adoption,MLTV Top Verticals Adoption,L0W,1.0,0.6358,0.75,0.6662493,pending_business_validation,provisional,"{""gap_pct"": 0.5761894517466083, ""high_priority_zone"": false, ""is_peer_outperform"": true, ""streak_improvement"": 3}","{""peer_confidence"": ""reliable"", ""peer_group_size"": 16}",,,"direction provisional; validation_status=pending_business_validation; oportunidad basada en reglas, no causalidad",0.10514037,0.00026138280000000125,0.6745,,3.0,primary/fallback_behavior,16.0,reliable,,0.06670541405,0.03843495595,0.5761894517466083,,,,
INS-004519,opportunity,opportunity,"{""COUNTRY"": ""MX"", ""CITY"": ""Campeche"", ""ZONE"": ""CAMP Centro""}",MX | Campeche | CAMP Centro,restaurants_markdowns_gmv,Restaurants Markdowns / GMV,L0W,1.0,0.6358,0.75,0.6662493,pending_business_validation,provisional,"{""gap_pct"": -0.33292033906240587, ""high_priority_zone"": false, ""is_peer_outperform"": true, ""streak_improvement"": 7}","{""peer_confidence"": ""reliable"", ""peer_group_size"": 57}",,,"direction provisional; validation_status=pending_business_validation; oportunidad basada en reglas, no causalidad",0.07218846965,-0.0028082105499999954,-1.2107807772290589,,7.0,primary/fallback_behavior,57.0,reliable,,0.1082156658,-0.036027196149999996,-0.33292033906240587,,,,
INS-004814,opportunity,opportunity,"{""COUNTRY"": ""CL"", ""CITY"": ""Santiago De Chile"", ""ZONE"": ""Independencia""}",CL | Santiago De Chile | Independencia,pro_adoption_last_week,Pro Adoption (Last Week Status),L0W,1.0,0.6358,0.75,0.6662493,pending_business_validation,provisional,"{""gap_pct"": 0.34952090277035536, ""high_priority_zone"": false, ""is_peer_outperform"": true, ""streak_improvement"": 5}","{""peer_confidence"": ""reliable"", ""peer_group_size"": 16}",,,"direction provisional; validation_status=pending_business_validation; oportunidad basada en reglas, no causalidad",0.4095345345,0.02807840509999998,2.4102705189203175,,5.0,primary/fallback_behavior,16.0,reliable,,0.30346661075,0.10606792375000001,0.34952090277035536,,,,
INS-004157,opportunity,opportunity,"{""COUNTRY"": ""CO"", ""CITY"": ""Pereira"", ""ZONE"": ""Cuba""}",CO | Pereira | Cuba,gross_profit_ue,Gross Profit UE,L0W,1.0,0.6358,0.75,0.6662493,pending_business_validation,provisional,"{""gap_pct"": 0.2385196688948552, ""high_priority_zone"": false, ""is_peer_outperform"": true, ""streak_improvement"": 6}","{""peer_confidence"": ""reliable"", ""peer_group_size"": 38}",,,"direction provisional; validation_status=pending_business_validation; oportunidad basada en reglas, no causalidad",2.490161271,0.01838237999999981,0.9252203197043444,,6.0,primary/fallback_behavior,38.0,reliable,,2.0105948524999997,0.47956641850000015,0.2385196688948552,,,,
INS-007000,opportunity,opportunity,"{""COUNTRY"": ""MX"", ""CITY"": ""Guadalajara"", ""ZONE"": ""La tijera""}",MX | Guadalajara | La tijera,restaurants_markdowns_gmv,Restaurants Markdowns / GMV,L0W,1.0,0.6358,0.75,0.6662493,pending_business_validation,provisional,"{""gap_pct"": -0.35612824161500745, ""high_priority_zone"": false, ""is_peer_outperform"": true, ""streak_improvement"": 3}","{""peer_confidence"": ""reliable"", ""peer_group_size"": 119}",,,"direction provisional; validation_status=pending_business_validation; oportunidad basada en reglas, no causalidad",0.07541626142,-1.2222039999995604e-05,0.48549070281932255,,3.0,primary/fallback_behavior,119.0,reliable,,0.1171293203,-0.04171305888,-0.35612824161500745,,,,
INS-005278,opportunity,opportunity,"{""COUNTRY"": ""MX"", ""CITY"": ""Monterrey"", ""ZONE"": ""Carretera Nacional""}",MX | Monterrey | Carretera Nacional,pro_adoption_last_week,Pro Adoption (Last Week Status),L0W,1.0,0.6358,0.75,0.6662493,pending_business_validation,provisional,"{""gap_pct"": 0.4941460076844385, ""high_priority_zone"": false, ""is_peer_outperform"": true, ""streak_improvement"": 3}","{""peer_confidence"": ""reliable"", ""peer_group_size"": 57}",,,"direction provisional; validation_status=pending_business_validation; oportunidad basada en reglas, no causalidad",0.5507579237,0.016230039700000032,2.25915283941931,,3.0,primary/fallback_behavior,57.0,reliable,,0.3686105112,0.1821474125,0.4941460076844385,,,,
INS-003932,opportunity,opportunity,"{""COUNTRY"": ""MX"", ""CITY"": ""Guadalajara"", ""ZONE"": ""La tijera""}",MX | Guadalajara | La tijera,gross_profit_ue,Gross Profit UE,L0W,1.0,0.6358,0.75,0.6662493,pending_business_validation,provisional,"{""gap_pct"": 1.2209583251895302, ""high_priority_zone"": false, ""is_peer_outperform"": true, ""streak_improvement"": 3}","{""peer_confidence"": ""reliable"", ""peer_group_size"": 119}",,,"direction provisional; validation_status=pending_business_validation; oportunidad basada en reglas, no causalidad",4.068912161,0.2278161270000001,0.6171228497071531,,3.0,primary/fallback_behavior,119.0,reliable,,1.832052459,2.2368597020000003,1.2209583251895302,,,,
INS-006067,opportunity,opportunity,"{""COUNTRY"": ""CO"", ""CITY"": ""Armenia"", ""ZONE"": ""Centro""}",CO | Armenia | Centro,pro_adoption_last_week,Pro Adoption (Last Week Status),L0W,1.0,0.6358,0.75,0.6662493,pending_business_validation,provisional,"{""gap_pct"": 0.3504476898746589, ""high_priority_zone"": false, ""is_peer_outperform"": true, ""streak_improvement"": 4}","{""peer_confidence"": ""reliable"", ""peer_group_size"": 38}",,,"direction provisional; validation_status=pending_business_validation; oportunidad basada en reglas, no causalidad",0.3418128655,0.024209472100000018,6.5849962701083715,,4.0,primary/fallback_behavior,38.0,reliable,,0.25311077805,0.08870208745000002,0.3504476898746589,,,,
INS-003900,opportunity,opportunity,"{""COUNTRY"": ""MX"", ""CITY"": ""Monterrey"", ""ZONE"": ""Carretera Nacional""}",MX | Monterrey | Carretera Nacional,gross_profit_ue,Gross Profit UE,L0W,1.0,0.6358,0.75,0.6662493,pending_business_validation,provisional,"{""gap_pct"": 0.9624035292438543, ""high_priority_zone"": false, ""is_peer_outperform"": true, ""streak_improvement"": 4}","{""peer_confidence"": ""reliable"", ""peer_group_size"": 57}",,,"direction provisional; validation_status=pending_business_validation; oportunidad basada en reglas, no causalidad",5.425765482,0.19282587799999984,1.4693149669198464,,4.0,primary/fallback_behavior,57.0,reliable,,2.764857177,2.660908305,0.9624035292438543,,,,
INS-004359,opportunity,opportunity,"{""COUNTRY"": ""MX"", ""CITY"": ""Nogales"", ""ZONE"": ""Nogales""}",MX | Nogales | Nogales,gross_profit_ue,Gross Profit UE,L0W,1.0,0.6358,0.75,0.6662493,pending_business_validation,provisional,"{""gap_pct"": 0.46882904623202165, ""high_priority_zone"": false, ""is_peer_outperform"": true, ""streak_improvement"": 5}","{""peer_confidence"": ""reliable"", ""peer_group_size"": 119}",,,"direction provisional; validation_status=pending_business_validation; oportunidad basada en reglas, no causalidad",2.690971866,0.402498751,2.4475550876926215,,5.0,primary/fallback_behavior,119.0,reliable,,1.832052459,0.8589194069999999,0.46882904623202165,,,,
INS-006778,opportunity,opportunity,"{""COUNTRY"": ""EC"", ""CITY"": ""Guayaquil"", ""ZONE"": ""Atarazana""}",EC | Guayaquil | Atarazana,pro_adoption_last_week,Pro Adoption (Last Week Status),L0W,1.0,0.6358,0.75,0.6662493,pending_business_validation,provisional,"{""gap_pct"": 0.33135935066583005, ""high_priority_zone"": false, ""is_peer_outperform"": true, ""streak_improvement"": 4}","{""peer_confidence"": ""reliable"", ""peer_group_size"": 26}",,,"direction provisional; validation_status=pending_business_validation; oportunidad basada en reglas, no causalidad",0.2979942693,0.0185456477,1.752177929331555,,4.0,primary/fallback_behavior,26.0,reliable,,0.22382707505,0.07416719425000001,0.33135935066583005,,,,
INS-003950,opportunity,opportunity,"{""COUNTRY"": ""MX"", ""CITY"": ""Monterrey"", ""ZONE"": ""San Pedro""}",MX | Monterrey | San Pedro,gross_profit_ue,Gross Profit UE,L0W,1.0,0.6358,0.75,0.6662493,pending_business_validation,provisional,"{""gap_pct"": 0.8524300859392997, ""high_priority_zone"": false, ""is_peer_outperform"": true, ""streak_improvement"": 3}","{""peer_confidence"": ""reliable"", ""peer_group_size"": 57}",,,"direction provisional; validation_status=pending_business_validation; oportunidad basada en reglas, no causalidad",5.121704618,0.12464853300000023,1.7791181332994328,,3.0,primary/fallback_behavior,57.0,reliable,,2.764857177,2.3568474409999998,0.8524300859392997,,,,
INS-004046,opportunity,opportunity,"{""COUNTRY"": ""MX"", ""CITY"": ""Campeche"", ""ZONE"": ""CAMP Aeropuerto""}",MX | Campeche | CAMP Aeropuerto,gross_profit_ue,Gross Profit UE,L0W,1.0,0.6358,0.75,0.6662493,pending_business_validation,provisional,"{""gap_pct"": 0.7961001039217512, ""high_priority_zone"": false, ""is_peer_outperform"": true, ""streak_improvement"": 3}","{""peer_confidence"": ""reliable"", ""peer_group_size"": 119}",,,"direction provisional; validation_status=pending_business_validation; oportunidad basada en reglas, no causalidad",3.290549612,0.015221067000000144,4.479833107421258,,3.0,primary/fallback_behavior,119.0,reliable,,1.832052459,1.458497153,0.7961001039217512,,,,
INS-003326,peer_gap,peer_gap,"{""COUNTRY"": ""AR"", ""CITY"": ""Buenos Aires"", ""ZONE"": ""MASCHWITZ""}",AR | Buenos Aires | MASCHWITZ,restaurants_ss_atc_cvr,Restaurants SS > ATC CVR,L0W,1.0,0.6177374999999999,0.75,0.6611285812500001,pending_business_validation,provisional,"{""entity_value"": 0.2434340659, ""gap_abs"": -0.24244210215, ""gap_pct"": -0.4989792010647681, ""peer_confidence"": ""reliable"", ""peer_median"": 0.48587616805}","{""COUNTRY"": ""AR"", ""ZONE_PRIORITIZATION"": ""Prioritized"", ""ZONE_TYPE"": ""Non Wealthy"", ""dimensions"": [""COUNTRY"", ""ZONE_TYPE"", ""ZONE_PRIORITIZATION""], ""peer_confidence"": ""reliable"", ""peer_group_size"": 38}",,,direction provisional; validation_status=pending_business_validation; benchmark con reglas de comparabilidad NB20,,,,,,primary: COUNTRY|ZONE_TYPE|ZONE_PRIORITIZATION,38.0,reliable,0.2434340659,0.48587616805,-0.24244210215,-0.4989792010647681,,,,
INS-002801,peer_gap,peer_gap,"{""COUNTRY"": ""AR"", ""CITY"": ""Cordoba"", ""ZONE"": ""Villa Adela""}",AR | Cordoba | Villa Adela,mltv_top_verticals_adoption,MLTV Top Verticals Adoption,L0W,1.0,0.6177374999999999,0.75,0.6611285812500001,pending_business_validation,provisional,"{""entity_value"": 0.1456001935, ""gap_abs"": -0.17582823430000002, ""gap_pct"": -0.5470214178112593, ""peer_confidence"": ""reliable"", ""peer_median"": 0.3214284278}","{""COUNTRY"": ""AR"", ""ZONE_PRIORITIZATION"": ""Prioritized"", ""ZONE_TYPE"": ""Wealthy"", ""dimensions"": [""COUNTRY"", ""ZONE_TYPE"", ""ZONE_PRIORITIZATION""], ""peer_confidence"": ""reliable"", ""peer_group_size"": 15}",,,direction provisional; validation_status=pending_business_validation; benchmark con reglas de comparabilidad NB20,,,,,,primary: COUNTRY|ZONE_TYPE|ZONE_PRIORITIZATION,15.0,reliable,0.1456001935,0.3214284278,-0.17582823430000002,-0.5470214178112593,,,,
INS-002082,peer_gap,peer_gap,"{""COUNTRY"": ""MX"", ""CITY"": ""Piedras Negras"", ""ZONE"": ""PDN_Piedras_Negras""}",MX | Piedras Negras | PDN_Piedras_Negras,pct_restaurants_sessions_optimal_assortment,% Restaurants Sessions With Optimal Assortment,L0W,1.0,0.6177374999999999,0.75,0.6611285812500001,pending_business_validation,provisional,"{""entity_value"": 0.01268157178, ""gap_abs"": -0.8324863719200001, ""gap_pct"": -0.984995204947691, ""peer_confidence"": ""reliable"", ""peer_median"": 0.8451679437}","{""COUNTRY"": ""MX"", ""ZONE_PRIORITIZATION"": ""Prioritized"", ""ZONE_TYPE"": ""Non Wealthy"", ""dimensions"": [""COUNTRY"", ""ZONE_TYPE"", ""ZONE_PRIORITIZATION""], ""peer_confidence"": ""reliable"", ""peer_group_size"": 119}",,,direction provisional; validation_status=pending_business_validation; benchmark con reglas de comparabilidad NB20,,,,,,primary: COUNTRY|ZONE_TYPE|ZONE_PRIORITIZATION,119.0,reliable,0.01268157178,0.8451679437,-0.8324863719200001,-0.984995204947691,,,,
INS-002453,peer_gap,peer_gap,"{""COUNTRY"": ""AR"", ""CITY"": ""Cordoba"", ""ZONE"": ""CORDOBA_CERRO_ROSAS""}",AR | Cordoba | CORDOBA_CERRO_ROSAS,mltv_top_verticals_adoption,MLTV Top Verticals Adoption,L0W,1.0,0.6177374999999999,0.75,0.6611285812500001,pending_business_validation,provisional,"{""entity_value"": 0.1396189794, ""gap_abs"": -0.18180944840000002, ""gap_pct"": -0.5656296477706879, ""peer_confidence"": ""reliable"", ""peer_median"": 0.3214284278}","{""COUNTRY"": ""AR"", ""ZONE_PRIORITIZATION"": ""Prioritized"", ""ZONE_TYPE"": ""Wealthy"", ""dimensions"": [""COUNTRY"", ""ZONE_TYPE"", ""ZONE_PRIORITIZATION""], ""peer_confidence"": ""reliable"", ""peer_group_size"": 15}",,,direction provisional; validation_status=pending_business_validation; benchmark con reglas de comparabilidad NB20,,,,,,primary: COUNTRY|ZONE_TYPE|ZONE_PRIORITIZATION,15.0,reliable,0.1396189794,0.3214284278,-0.18180944840000002,-0.5656296477706879,,,,
INS-001807,peer_gap,peer_gap,"{""COUNTRY"": ""MX"", ""CITY"": ""Aguascalientes"", ""ZONE"": ""AGS_Canteras""}",MX | Aguascalientes | AGS_Canteras,gross_profit_ue,Gross Profit UE,L0W,1.0,0.6177374999999999,0.75,0.6611285812500001,pending_business_validation,provisional,"{""entity_value"": 2.089707158, ""gap_abs"": -0.6751500190000002, ""gap_pct"": -0.24418983541586392, ""peer_confidence"": ""reliable"", ""peer_median"": 2.764857177}","{""COUNTRY"": ""MX"", ""ZONE_PRIORITIZATION"": ""Prioritized"", ""ZONE_TYPE"": ""Wealthy"", ""dimensions"": [""COUNTRY"", ""ZONE_TYPE"", ""ZONE_PRIORITIZATION""], ""peer_confidence"": ""reliable"", ""peer_group_size"": 57}",,,direction provisional; validation_status=pending_business_validation; benchmark con reglas de comparabilidad NB20,,,,,,primary: COUNTRY|ZONE_TYPE|ZONE_PRIORITIZATION,57.0,reliable,2.089707158,2.764857177,-0.6751500190000002,-0.24418983541586392,,,,
INS-001970,peer_gap,peer_gap,"{""COUNTRY"": ""AR"", ""CITY"": ""Cordoba"", ""ZONE"": ""CORDOBA_CERRO_ROSAS""}",AR | Cordoba | CORDOBA_CERRO_ROSAS,gross_profit_ue,Gross Profit UE,L0W,1.0,0.6177374999999999,0.75,0.6611285812500001,pending_business_validation,provisional,"{""entity_value"": -0.7096373099, ""gap_abs"": -3.1323671748999997, ""gap_pct"": -1.2929081447138555, ""peer_confidence"": ""reliable"", ""peer_median"": 2.422729865}","{""COUNTRY"": ""AR"", ""ZONE_PRIORITIZATION"": ""Prioritized"", ""ZONE_TYPE"": ""Wealthy"", ""dimensions"": [""COUNTRY"", ""ZONE_TYPE"", ""ZONE_PRIORITIZATION""], ""peer_confidence"": ""reliable"", ""peer_group_size"": 15}",,,direction provisional; validation_status=pending_business_validation; benchmark con reglas de comparabilidad NB20,,,,,,primary: COUNTRY|ZONE_TYPE|ZONE_PRIORITIZATION,15.0,reliable,-0.7096373099,2.422729865,-3.1323671748999997,-1.2929081447138555,,,,
INS-003353,peer_gap,peer_gap,"{""COUNTRY"": ""AR"", ""CITY"": ""Buenos Aires"", ""ZONE"": ""MASCHWITZ""}",AR | Buenos Aires | MASCHWITZ,pct_restaurants_sessions_optimal_assortment,% Restaurants Sessions With Optimal Assortment,L0W,1.0,0.6177374999999999,0.75,0.6611285812500001,pending_business_validation,provisional,"{""entity_value"": 0.0, ""gap_abs"": -0.8173938504, ""gap_pct"": -1.0, ""peer_confidence"": ""reliable"", ""peer_median"": 0.8173938504}","{""COUNTRY"": ""AR"", ""ZONE_PRIORITIZATION"": ""Prioritized"", ""ZONE_TYPE"": ""Non Wealthy"", ""dimensions"": [""COUNTRY"", ""ZONE_TYPE"", ""ZONE_PRIORITIZATION""], ""peer_confidence"": ""reliable"", ""peer_group_size"": 38}",,,direction provisional; validation_status=pending_business_validation; benchmark con reglas de comparabilidad NB20,,,,,,primary: COUNTRY|ZONE_TYPE|ZONE_PRIORITIZATION,38.0,reliable,0.0,0.8173938504,-0.8173938504,-1.0,,,,
INS-002865,peer_gap,peer_gap,"{""COUNTRY"": ""CO"", ""CITY"": ""Pereira"", ""ZONE"": ""Los molinos""}",CO | Pereira | Los molinos,mltv_top_verticals_adoption,MLTV Top Verticals Adoption,L0W,1.0,0.6177374999999999,0.75,0.6611285812500001,pending_business_validation,provisional,"{""entity_value"": 0.1601670044, ""gap_abs"": -0.052469457550000015, ""gap_pct"": -0.2467566336874898, ""peer_confidence"": ""reliable"", ""peer_median"": 0.21263646195000002}","{""COUNTRY"": ""CO"", ""ZONE_PRIORITIZATION"": ""Prioritized"", ""ZONE_TYPE"": ""Non Wealthy"", ""dimensions"": [""COUNTRY"", ""ZONE_TYPE"", ""ZONE_PRIORITIZATION""], ""peer_confidence"": ""reliable"", ""peer_group_size"": 38}",,,direction provisional; validation_status=pending_business_validation; benchmark con reglas de comparabilidad NB20,,,,,,primary: COUNTRY|ZONE_TYPE|ZONE_PRIORITIZATION,38.0,reliable,0.1601670044,0.21263646195000002,-0.052469457550000015,-0.2467566336874898,,,,
INS-002931,peer_gap,peer_gap,"{""COUNTRY"": ""MX"", ""CITY"": ""Aguascalientes"", ""ZONE"": ""AGS_Canteras""}",MX | Aguascalientes | AGS_Canteras,mltv_top_verticals_adoption,MLTV Top Verticals Adoption,L0W,1.0,0.6177374999999999,0.75,0.6611285812500001,pending_business_validation,provisional,"{""entity_value"": 0.1009567149, ""gap_abs"": -0.049095515000000006, ""gap_pct"": -0.3271895061654129, ""peer_confidence"": ""reliable"", ""peer_median"": 0.1500522299}","{""COUNTRY"": ""MX"", ""ZONE_PRIORITIZATION"": ""Prioritized"", ""ZONE_TYPE"": ""Wealthy"", ""dimensions"": [""COUNTRY"", ""ZONE_TYPE"", ""ZONE_PRIORITIZATION""], ""peer_confidence"": ""reliable"", ""peer_group_size"": 57}",,,direction provisional; validation_status=pending_business_validation; benchmark con reglas de comparabilidad NB20,,,,,,primary: COUNTRY|ZONE_TYPE|ZONE_PRIORITIZATION,57.0,reliable,0.1009567149,0.1500522299,-0.049095515000000006,-0.3271895061654129,,,,
INS-002649,peer_gap,peer_gap,"{""COUNTRY"": ""MX"", ""CITY"": ""Chihuahua"", ""ZONE"": ""CH_TECNOLOGICO""}",MX | Chihuahua | CH_TECNOLOGICO,restaurants_markdowns_gmv,Restaurants Markdowns / GMV,L0W,1.0,0.6177374999999999,0.75,0.6611285812500001,pending_business_validation,provisional,"{""entity_value"": 0.1476654332, ""gap_abs"": 0.030536112899999995, ""gap_pct"": 0.2607042610832942, ""peer_confidence"": ""reliable"", ""peer_median"": 0.1171293203}","{""COUNTRY"": ""MX"", ""ZONE_PRIORITIZATION"": ""Prioritized"", ""ZONE_TYPE"": ""Non Wealthy"", ""dimensions"": [""COUNTRY"", ""ZONE_TYPE"", ""ZONE_PRIORITIZATION""], ""peer_confidence"": ""reliable"", ""peer_group_size"": 119}",,,direction provisional; validation_status=pending_business_validation; benchmark con reglas de comparabilidad NB20,,,,,,primary: COUNTRY|ZONE_TYPE|ZONE_PRIORITIZATION,119.0,reliable,0.1476654332,0.1171293203,0.030536112899999995,0.2607042610832942,,,,
INS-002711,peer_gap,peer_gap,"{""COUNTRY"": ""MX"", ""CITY"": ""Chihuahua"", ""ZONE"": ""CH_TECNOLOGICO""}",MX | Chihuahua | CH_TECNOLOGICO,pct_pro_users_breakeven,% PRO Users Who Breakeven,L0W,1.0,0.6177374999999999,0.75,0.6611285812500001,pending_business_validation,provisional,"{""entity_value"": 0.2130584192, ""gap_abs"": -0.10631760710000002, ""gap_pct"": -0.3328916335133199, ""peer_confidence"": ""reliable"", ""peer_median"": 0.3193760263}","{""COUNTRY"": ""MX"", ""ZONE_PRIORITIZATION"": ""Prioritized"", ""ZONE_TYPE"": ""Non Wealthy"", ""dimensions"": [""COUNTRY"", ""ZONE_TYPE"", ""ZONE_PRIORITIZATION""], ""peer_confidence"": ""reliable"", ""peer_group_size"": 119}",,,direction provisional; validation_status=pending_business_validation; benchmark con reglas de comparabilidad NB20,,,,,,primary: COUNTRY|ZONE_TYPE|ZONE_PRIORITIZATION,119.0,reliable,0.2130584192,0.3193760263,-0.10631760710000002,-0.3328916335133199,,,,
INS-002733,peer_gap,peer_gap,"{""COUNTRY"": ""AR"", ""CITY"": ""Cordoba"", ""ZONE"": ""Villa Adela""}",AR | Cordoba | Villa Adela,pro_adoption_last_week,Pro Adoption (Last Week Status),L0W,1.0,0.6177374999999999,0.75,0.6611285812500001,pending_business_validation,provisional,"{""entity_value"": 0.2745901639, ""gap_abs"": -0.1749307706, ""gap_pct"": -0.38914933026328274, ""peer_confidence"": ""reliable"", ""peer_median"": 0.4495209345}","{""COUNTRY"": ""AR"", ""ZONE_PRIORITIZATION"": ""Prioritized"", ""ZONE_TYPE"": ""Wealthy"", ""dimensions"": [""COUNTRY"", ""ZONE_TYPE"", ""ZONE_PRIORITIZATION""], ""peer_confidence"": ""reliable"", ""peer_group_size"": 15}",,,direction provisional; validation_status=pending_business_validation; benchmark con reglas de comparabilidad NB20,,,,,,primary: COUNTRY|ZONE_TYPE|ZONE_PRIORITIZATION,15.0,reliable,0.2745901639,0.4495209345,-0.1749307706,-0.38914933026328274,,,,
INS-003007,peer_gap,peer_gap,"{""COUNTRY"": ""MX"", ""CITY"": ""Tampico"", ""ZONE"": ""Tam_Altamira""}",MX | Tampico | Tam_Altamira,pct_restaurants_sessions_optimal_assortment,% Restaurants Sessions With Optimal Assortment,L0W,1.0,0.6177374999999999,0.75,0.6611285812500001,pending_business_validation,provisional,"{""entity_value"": 0.226539166, ""gap_abs"": -0.6186287777, ""gap_pct"": -0.7319595854425685, ""peer_confidence"": ""reliable"", ""peer_median"": 0.8451679437}","{""COUNTRY"": ""MX"", ""ZONE_PRIORITIZATION"": ""Prioritized"", ""ZONE_TYPE"": ""Non Wealthy"", ""dimensions"": [""COUNTRY"", ""ZONE_TYPE"", ""ZONE_PRIORITIZATION""], ""peer_confidence"": ""reliable"", ""peer_group_size"": 119}",,,direction provisional; validation_status=pending_business_validation; benchmark con reglas de comparabilidad NB20,,,,,,primary: COUNTRY|ZONE_TYPE|ZONE_PRIORITIZATION,119.0,reliable,0.226539166,0.8451679437,-0.6186287777,-0.7319595854425685,,,,
INS-003084,peer_gap,peer_gap,"{""COUNTRY"": ""MX"", ""CITY"": ""Tampico"", ""ZONE"": ""Tam_Altamira""}",MX | Tampico | Tam_Altamira,pro_adoption_last_week,Pro Adoption (Last Week Status),L0W,1.0,0.6177374999999999,0.75,0.6611285812500001,pending_business_validation,provisional,"{""entity_value"": 0.2246098746, ""gap_abs"": -0.08959174420000002, ""gap_pct"": -0.2851409376634313, ""peer_confidence"": ""reliable"", ""peer_median"": 0.3142016188}","{""COUNTRY"": ""MX"", ""ZONE_PRIORITIZATION"": ""Prioritized"", ""ZONE_TYPE"": ""Non Wealthy"", ""dimensions"": [""COUNTRY"", ""ZONE_TYPE"", ""ZONE_PRIORITIZATION""], ""peer_confidence"": ""reliable"", ""peer_group_size"": 119}",,,direction provisional; validation_status=pending_business_validation; benchmark con reglas de comparabilidad NB20,,,,,,primary: COUNTRY|ZONE_TYPE|ZONE_PRIORITIZATION,119.0,reliable,0.2246098746,0.3142016188,-0.08959174420000002,-0.2851409376634313,,,,
INS-006423,opportunity,opportunity,"{""COUNTRY"": ""CO"", ""CITY"": ""Medellin"", ""ZONE"": ""Laureles_belén""}",CO | Medellin | Laureles_belén,pro_adoption_last_week,Pro Adoption (Last Week Status),L0W,0.9183780314180583,0.5722200000000001,1.0,0.6589731624518824,pending_business_validation,provisional,"{""gap_pct"": 0.45918901570902915, ""high_priority_zone"": true, ""is_peer_outperform"": true, ""streak_improvement"": 1}","{""peer_confidence"": ""reliable"", ""peer_group_size"": 14}",,,"direction provisional; validation_status=pending_business_validation; oportunidad basada en reglas, no causalidad",0.3866304232,0.022975285000000012,9.84689264188294,,1.0,primary/fallback_behavior,14.0,reliable,,0.26496253675000003,0.12166788644999998,0.45918901570902915,,,,
INS-003228,peer_gap,peer_gap,"{""COUNTRY"": ""MX"", ""CITY"": ""Durango"", ""ZONE"": ""Dgo_el_refugio""}",MX | Durango | Dgo_el_refugio,pro_adoption_last_week,Pro Adoption (Last Week Status),L0W,0.9924818057621038,0.6177374999999999,0.75,0.6583881994502869,pending_business_validation,provisional,"{""entity_value"": 0.2518337408, ""gap_abs"": -0.06236787800000004, ""gap_pct"": -0.19849636115242075, ""peer_confidence"": ""reliable"", ""peer_median"": 0.3142016188}","{""COUNTRY"": ""MX"", ""ZONE_PRIORITIZATION"": ""Prioritized"", ""ZONE_TYPE"": ""Non Wealthy"", ""dimensions"": [""COUNTRY"", ""ZONE_TYPE"", ""ZONE_PRIORITIZATION""], ""peer_confidence"": ""reliable"", ""peer_group_size"": 119}",,,direction provisional; validation_status=pending_business_validation; benchmark con reglas de comparabilidad NB20,,,,,,primary: COUNTRY|ZONE_TYPE|ZONE_PRIORITIZATION,119.0,reliable,0.2518337408,0.3142016188,-0.06236787800000004,-0.19849636115242075,,,,
INS-000997,persistent_deterioration,persistent_deterioration,"{""COUNTRY"": ""CO"", ""CITY"": ""Armenia"", ""ZONE"": ""Centro""}",CO | Armenia | Centro,turbo_adoption,Turbo Adoption,L0W,0.9666666666666667,0.65025,0.75,0.6581958750000001,pending_business_validation,provisional,"{""streak_length"": 7, ""streak_threshold"": 3, ""worsening_share_last4"": 1.0, ""wow_delta_current"": -0.003973265100000012}",,,,direction provisional; validation_status=pending_business_validation; streak threshold provisional,0.2329225824,-0.003973265100000012,-1.0750529163887919,0.9666666666666667,7.0,not_applicable,,,,,,,,,,
INS-000613,persistent_deterioration,persistent_deterioration,"{""COUNTRY"": ""CO"", ""CITY"": ""Pereira"", ""ZONE"": ""Cuba""}",CO | Pereira | Cuba,mltv_top_verticals_adoption,MLTV Top Verticals Adoption,L0W,0.9666666666666667,0.65025,0.75,0.6581958750000001,pending_business_validation,provisional,"{""streak_length"": 7, ""streak_threshold"": 3, ""worsening_share_last4"": 1.0, ""wow_delta_current"": -0.004962226699999989}",,,,direction provisional; validation_status=pending_business_validation; streak threshold provisional,0.1932363866,-0.004962226699999989,-1.6125859766425612,0.9666666666666667,7.0,not_applicable,,,,,,,,,,
INS-000971,persistent_deterioration,persistent_deterioration,"{""COUNTRY"": ""CO"", ""CITY"": ""Bogota"", ""ZONE"": ""Fontibon""}",CO | Bogota | Fontibon,non_pro_ptc_op,Non-Pro PTC > OP,L0W,0.85,0.65025,1.0,0.6561708750000002,pending_business_validation,provisional,"{""streak_length"": 6, ""streak_threshold"": 3, ""worsening_share_last4"": 1.0, ""wow_delta_current"": -0.003402280099999988}",,,,direction provisional; validation_status=pending_business_validation; streak threshold provisional,0.8276567509,-0.003402280099999988,-2.154581338171891,0.85,6.0,not_applicable,,,,,,,,,,
INS-001127,persistent_deterioration,persistent_deterioration,"{""COUNTRY"": ""BR"", ""CITY"": ""Grande São Paulo"", ""ZONE"": ""SP - SP - Santo Amaro/Jabaquara""}",BR | Grande São Paulo | SP - SP - Santo Amaro/Jabaquara,restaurants_sst_ss_cvr,Restaurants SST > SS CVR,L0W,0.85,0.65025,1.0,0.6561708750000002,pending_business_validation,provisional,"{""streak_length"": 6, ""streak_threshold"": 3, ""worsening_share_last4"": 1.0, ""wow_delta_current"": -0.005515606599999945}",,,,direction provisional; validation_status=pending_business_validation; streak threshold provisional,0.8603331193,-0.005515606599999945,-2.6796570241407616,0.85,6.0,not_applicable,,,,,,,,,,
INS-006781,opportunity,opportunity,"{""COUNTRY"": ""EC"", ""CITY"": ""Guayaquil"", ""ZONE"": ""Samborondon""}",EC | Guayaquil | Samborondon,pro_adoption_last_week,Pro Adoption (Last Week Status),L0W,0.9577289374004261,0.6358,0.75,0.6508414976824554,pending_business_validation,provisional,"{""gap_pct"": 0.3288644687002131, ""high_priority_zone"": false, ""is_peer_outperform"": true, ""streak_improvement"": 3}","{""peer_confidence"": ""reliable"", ""peer_group_size"": 11}",,,"direction provisional; validation_status=pending_business_validation; oportunidad basada en reglas, no causalidad",0.4996969697,0.03209437789999997,5.634347820062649,,3.0,primary/fallback_behavior,11.0,reliable,,0.3760330579,0.12366391179999997,0.3288644687002131,,,,
INS-005720,opportunity,opportunity,"{""COUNTRY"": ""AR"", ""CITY"": ""Mar Del Plata"", ""ZONE"": ""MAR_DEL_PLATA_CENTRO""}",AR | Mar Del Plata | MAR_DEL_PLATA_CENTRO,mltv_top_verticals_adoption,MLTV Top Verticals Adoption,L0W,1.0,0.5722200000000001,0.75,0.64822437,pending_business_validation,provisional,"{""gap_pct"": 0.7269299340415452, ""high_priority_zone"": false, ""is_peer_outperform"": true, ""streak_improvement"": 0}","{""peer_confidence"": ""reliable"", ""peer_group_size"": 37}",,,"direction provisional; validation_status=pending_business_validation; oportunidad basada en reglas, no causalidad",0.2340845523,-0.0105038633,-1.3832433025798814,,0.0,primary/fallback_behavior,37.0,reliable,,0.1355495366,0.0985350157,0.7269299340415452,,,,
INS-005337,opportunity,opportunity,"{""COUNTRY"": ""EC"", ""CITY"": ""Quito"", ""ZONE"": ""La Morita II""}",EC | Quito | La Morita II,pro_adoption_last_week,Pro Adoption (Last Week Status),L0W,1.0,0.5722200000000001,0.75,0.64822437,pending_business_validation,provisional,"{""gap_pct"": 0.5607483957066524, ""high_priority_zone"": false, ""is_peer_outperform"": true, ""streak_improvement"": 2}","{""peer_confidence"": ""reliable"", ""peer_group_size"": 26}",,,"direction provisional; validation_status=pending_business_validation; oportunidad basada en reglas, no causalidad",0.3493377483,0.02334343009999995,2.1718837259508468,,2.0,primary/fallback_behavior,26.0,reliable,,0.22382707505,0.12551067324999998,0.5607483957066524,,,,
INS-004057,opportunity,opportunity,"{""COUNTRY"": ""MX"", ""CITY"": ""Durango"", ""ZONE"": ""Dgo_el_refugio""}",MX | Durango | Dgo_el_refugio,gross_profit_ue,Gross Profit UE,L0W,1.0,0.5722200000000001,0.75,0.64822437,pending_business_validation,provisional,"{""gap_pct"": 0.5328554688509606, ""high_priority_zone"": false, ""is_peer_outperform"": true, ""streak_improvement"": 0}","{""peer_confidence"": ""reliable"", ""peer_group_size"": 119}",,,"direction provisional; validation_status=pending_business_validation; oportunidad basada en reglas, no causalidad",2.808271631,-0.256452205,0.6986302517286803,,0.0,primary/fallback_behavior,119.0,reliable,,1.832052459,0.9762191720000002,0.5328554688509606,,,,
INS-004039,opportunity,opportunity,"{""COUNTRY"": ""AR"", ""CITY"": ""Buenos Aires"", ""ZONE"": ""Palermo""}",AR | Buenos Aires | Palermo,gross_profit_ue,Gross Profit UE,L0W,1.0,0.5722200000000001,0.75,0.64822437,pending_business_validation,provisional,"{""gap_pct"": 0.6851076886361824, ""high_priority_zone"": false, ""is_peer_outperform"": true, ""streak_improvement"": 0}","{""peer_confidence"": ""reliable"", ""peer_group_size"": 15}",,,"direction provisional; validation_status=pending_business_validation; oportunidad basada en reglas, no causalidad",4.082560723,-1.141470548,-0.4137699685084235,,0.0,primary/fallback_behavior,15.0,reliable,,2.422729865,1.6598308580000003,0.6851076886361824,,,,
INS-004023,opportunity,opportunity,"{""COUNTRY"": ""EC"", ""CITY"": ""Guayaquil"", ""ZONE"": ""Atarazana""}",EC | Guayaquil | Atarazana,gross_profit_ue,Gross Profit UE,L0W,1.0,0.5722200000000001,0.75,0.64822437,pending_business_validation,provisional,"{""gap_pct"": 0.7583142508341614, ""high_priority_zone"": false, ""is_peer_outperform"": true, ""streak_improvement"": 1}","{""peer_confidence"": ""reliable"", ""peer_group_size"": 26}",,,"direction provisional; validation_status=pending_business_validation; oportunidad basada en reglas, no causalidad",2.017464704,0.10562224900000006,0.0,,1.0,primary/fallback_behavior,26.0,reliable,,1.1473857435,0.8700789604999999,0.7583142508341614,,,,
INS-004011,opportunity,opportunity,"{""COUNTRY"": ""AR"", ""CITY"": ""Mar Del Plata"", ""ZONE"": ""MAR_DEL_PLATA_CENTRO""}",AR | Mar Del Plata | MAR_DEL_PLATA_CENTRO,gross_profit_ue,Gross Profit UE,L0W,1.0,0.5722200000000001,0.75,0.64822437,pending_business_validation,provisional,"{""gap_pct"": -1.5521727138416646, ""high_priority_zone"": false, ""is_peer_outperform"": true, ""streak_improvement"": 0}","{""peer_confidence"": ""reliable"", ""peer_group_size"": 38}",,,"direction provisional; validation_status=pending_business_validation; oportunidad basada en reglas, no causalidad",0.2144950196,-1.3454769884,-0.6745,,0.0,primary/fallback_behavior,38.0,reliable,,-0.38845639094999995,0.60295141055,-1.5521727138416646,,,,
INS-003974,opportunity,opportunity,"{""COUNTRY"": ""MX"", ""CITY"": ""Playa Del Carmen"", ""ZONE"": ""PDC_Centro""}",MX | Playa Del Carmen | PDC_Centro,gross_profit_ue,Gross Profit UE,L0W,1.0,0.5722200000000001,0.75,0.64822437,pending_business_validation,provisional,"{""gap_pct"": 1.3825555087614565, ""high_priority_zone"": false, ""is_peer_outperform"": true, ""streak_improvement"": 2}","{""peer_confidence"": ""reliable"", ""peer_group_size"": 57}",,,"direction provisional; validation_status=pending_business_validation; oportunidad basada en reglas, no causalidad",6.587425698,0.2126490419999998,1.4371207852819492,,2.0,primary/fallback_behavior,57.0,reliable,,2.764857177,3.8225685209999996,1.3825555087614565,,,,
INS-004405,opportunity,opportunity,"{""COUNTRY"": ""EC"", ""CITY"": ""Guayaquil"", ""ZONE"": ""Samborondon""}",EC | Guayaquil | Samborondon,gross_profit_ue,Gross Profit UE,L0W,1.0,0.5722200000000001,0.75,0.64822437,pending_business_validation,provisional,"{""gap_pct"": 0.9067019694812648, ""high_priority_zone"": false, ""is_peer_outperform"": true, ""streak_improvement"": 2}","{""peer_confidence"": ""reliable"", ""peer_group_size"": 11}",,,"direction provisional; validation_status=pending_business_validation; oportunidad basada en reglas, no causalidad",5.459813206,0.8619735009999996,4.785461575513641,,2.0,primary/fallback_behavior,11.0,reliable,,2.863485376,2.59632783,0.9067019694812648,,,,
INS-004357,opportunity,opportunity,"{""COUNTRY"": ""MX"", ""CITY"": ""San Luis Potosi"", ""ZONE"": ""SLP_Centro""}",MX | San Luis Potosi | SLP_Centro,gross_profit_ue,Gross Profit UE,L0W,1.0,0.5722200000000001,0.75,0.64822437,pending_business_validation,provisional,"{""gap_pct"": 0.7006183893340142, ""high_priority_zone"": false, ""is_peer_outperform"": true, ""streak_improvement"": 0}","{""peer_confidence"": ""reliable"", ""peer_group_size"": 119}",,,"direction provisional; validation_status=pending_business_validation; oportunidad basada en reglas, no causalidad",3.115622102,-0.16756456400000008,0.5783783042041221,,0.0,primary/fallback_behavior,119.0,reliable,,1.832052459,1.283569643,0.7006183893340142,,,,
INS-007067,opportunity,opportunity,"{""COUNTRY"": ""EC"", ""CITY"": ""Quito"", ""ZONE"": ""La Morita II""}",EC | Quito | La Morita II,gross_profit_ue,Gross Profit UE,L0W,1.0,0.5722200000000001,0.75,0.64822437,pending_business_validation,provisional,"{""gap_pct"": 1.8323699047250708, ""high_priority_zone"": false, ""is_peer_outperform"": true, ""streak_improvement"": 2}","{""peer_confidence"": ""reliable"", ""peer_group_size"": 26}",,,"direction provisional; validation_status=pending_business_validation; oportunidad basada en reglas, no causalidad",3.249820849,0.8745090409999996,5.325555445102207,,2.0,primary/fallback_behavior,26.0,reliable,,1.1473857435,2.1024351054999997,1.8323699047250708,,,,
INS-004271,opportunity,opportunity,"{""COUNTRY"": ""AR"", ""CITY"": ""La Plata"", ""ZONE"": ""Gonnet""}",AR | La Plata | Gonnet,gross_profit_ue,Gross Profit UE,L0W,1.0,0.5722200000000001,0.75,0.64822437,pending_business_validation,provisional,"{""gap_pct"": -0.9670427889249276, ""high_priority_zone"": false, ""is_peer_outperform"": true, ""streak_improvement"": 0}","{""peer_confidence"": ""reliable"", ""peer_group_size"": 38}",,,"direction provisional; validation_status=pending_business_validation; oportunidad basada en reglas, no causalidad",-0.01280243927,-0.5818483559700001,0.0,,0.0,primary/fallback_behavior,38.0,reliable,,-0.38845639094999995,0.37565395167999993,-0.9670427889249276,,,,
INS-004207,opportunity,opportunity,"{""COUNTRY"": ""AR"", ""CITY"": ""La Plata"", ""ZONE"": ""Malvinas los hornos""}",AR | La Plata | Malvinas los hornos,gross_profit_ue,Gross Profit UE,L0W,1.0,0.5722200000000001,0.75,0.64822437,pending_business_validation,provisional,"{""gap_pct"": -1.5481664190908069, ""high_priority_zone"": false, ""is_peer_outperform"": true, ""streak_improvement"": 0}","{""peer_confidence"": ""reliable"", ""peer_group_size"": 38}",,,"direction provisional; validation_status=pending_business_validation; oportunidad basada en reglas, no causalidad",0.2129387488,-1.2368993981999998,-1.9010658391204176,,0.0,primary/fallback_behavior,38.0,reliable,,-0.38845639094999995,0.6013951397499999,-1.5481664190908069,,,,
INS-004188,opportunity,opportunity,"{""COUNTRY"": ""AR"", ""CITY"": ""Cordoba"", ""ZONE"": ""Nueva Cordoba""}",AR | Cordoba | Nueva Cordoba,gross_profit_ue,Gross Profit UE,L0W,1.0,0.5722200000000001,0.75,0.64822437,pending_business_validation,provisional,"{""gap_pct"": -1.1730060398688364, ""high_priority_zone"": false, ""is_peer_outperform"": true, ""streak_improvement"": 0}","{""peer_confidence"": ""reliable"", ""peer_group_size"": 38}",,,"direction provisional; validation_status=pending_business_validation; oportunidad basada en reglas, no causalidad",0.06720530186,-0.43548368164,-0.4496583225289224,,0.0,primary/fallback_behavior,38.0,reliable,,-0.38845639094999995,0.45566169280999996,-1.1730060398688364,,,,
INS-002070,peer_gap,peer_gap,"{""COUNTRY"": ""MX"", ""CITY"": ""Mexicali"", ""ZONE"": ""MXL_Universidad""}",MX | Mexicali | MXL_Universidad,restaurants_markdowns_gmv,Restaurants Markdowns / GMV,L0W,0.9529269236358565,0.6177374999999999,0.75,0.6439704449152697,pending_business_validation,provisional,"{""entity_value"": 0.1288399901, ""gap_abs"": 0.020624324299999997, ""gap_pct"": 0.19058538472717132, ""peer_confidence"": ""reliable"", ""peer_median"": 0.1082156658}","{""COUNTRY"": ""MX"", ""ZONE_PRIORITIZATION"": ""Prioritized"", ""ZONE_TYPE"": ""Wealthy"", ""dimensions"": [""COUNTRY"", ""ZONE_TYPE"", ""ZONE_PRIORITIZATION""], ""peer_confidence"": ""reliable"", ""peer_group_size"": 57}",,,direction provisional; validation_status=pending_business_validation; benchmark con reglas de comparabilidad NB20,,,,,,primary: COUNTRY|ZONE_TYPE|ZONE_PRIORITIZATION,57.0,reliable,0.1288399901,0.1082156658,0.020624324299999997,0.19058538472717132,,,,
INS-004067,opportunity,opportunity,"{""COUNTRY"": ""EC"", ""CITY"": ""Quito"", ""ZONE"": ""Antiguo Aeropuerto""}",EC | Quito | Antiguo Aeropuerto,gross_profit_ue,Gross Profit UE,L0W,0.9680932339386348,0.5722200000000001,0.75,0.6365943537706324,pending_business_validation,provisional,"{""gap_pct"": 0.48404661696931733, ""high_priority_zone"": false, ""is_peer_outperform"": true, ""streak_improvement"": 2}","{""peer_confidence"": ""reliable"", ""peer_group_size"": 26}",,,"direction provisional; validation_status=pending_business_validation; oportunidad basada en reglas, no causalidad",1.702773931,0.7473097832000001,1.0010909944503095,,2.0,primary/fallback_behavior,26.0,reliable,,1.1473857435,0.5553881875,0.48404661696931733,,,,
INS-006426,opportunity,opportunity,"{""COUNTRY"": ""MX"", ""CITY"": ""Durango"", ""ZONE"": ""Dgo_el_refugio""}",MX | Durango | Dgo_el_refugio,restaurants_markdowns_gmv,Restaurants Markdowns / GMV,L0W,0.9102701332759293,0.6358,0.75,0.6335427635790764,pending_business_validation,provisional,"{""gap_pct"": -0.2551350666379647, ""high_priority_zone"": false, ""is_peer_outperform"": true, ""streak_improvement"": 4}","{""peer_confidence"": ""reliable"", ""peer_group_size"": 119}",,,"direction provisional; validation_status=pending_business_validation; oportunidad basada en reglas, no causalidad",0.08724552336,-0.0014904031200000112,-1.1049065748023448,,4.0,primary/fallback_behavior,119.0,reliable,,0.1171293203,-0.029883796940000013,-0.2551350666379647,,,,
INS-000054,anomaly,anomaly_point,"{""COUNTRY"": ""CO"", ""CITY"": ""La Ceja"", ""ZONE"": ""La Ceja""}",CO | La Ceja | La Ceja,gross_profit_ue,Gross Profit UE,L0W,1.0,0.686375,0.45,0.6319873125,pending_business_validation,provisional,"{""mad"": 1.0586320562, ""median_value"": -1.930954947, ""modified_z"": -4.968819095026757, ""prev_value"": 4.365607953, ""raw_value"": -9.729548239, ""thresholds"": {""robust_z"": 2.5, ""wow_pct"": 0.1}, ""wow_delta"": -14.095156192, ""wow_pct"": -3.2286811696670923}",,,,direction provisional; validation_status=pending_business_validation; thresholds provisionales,-9.729548239,-14.095156192,-4.968819095026757,,,not_applicable,,,,,,,,,,
INS-005793,opportunity,opportunity,"{""COUNTRY"": ""EC"", ""CITY"": ""Guayaquil"", ""ZONE"": ""Naval Sur""}",EC | Guayaquil | Naval Sur,mltv_top_verticals_adoption,MLTV Top Verticals Adoption,L0W,0.8864480246101671,0.6358,0.75,0.6248596049704059,pending_business_validation,provisional,"{""gap_pct"": 0.29322401230508355, ""high_priority_zone"": false, ""is_peer_outperform"": true, ""streak_improvement"": 3}","{""peer_confidence"": ""reliable"", ""peer_group_size"": 26}",,,"direction provisional; validation_status=pending_business_validation; oportunidad basada en reglas, no causalidad",0.1794162592,0.0021752381000000043,0.35507370377177894,,3.0,primary/fallback_behavior,26.0,reliable,,0.1387356386,0.04068062060000002,0.29322401230508355,,,,
INS-005841,opportunity,opportunity,"{""COUNTRY"": ""MX"", ""CITY"": ""La Paz"", ""ZONE"": ""LA PAZ""}",MX | La Paz | LA PAZ,mltv_top_verticals_adoption,MLTV Top Verticals Adoption,L0W,0.8695870986353768,0.6358,0.75,0.6187137974525948,pending_business_validation,provisional,"{""gap_pct"": 0.18479354931768838, ""high_priority_zone"": false, ""is_peer_outperform"": true, ""streak_improvement"": 5}","{""peer_confidence"": ""reliable"", ""peer_group_size"": 119}",,,"direction provisional; validation_status=pending_business_validation; oportunidad basada en reglas, no causalidad",0.1415098506,0.00077496019999998,2.730680282226513,,5.0,primary/fallback_behavior,119.0,reliable,,0.119438404,0.02207144659999999,0.18479354931768838,,,,
INS-005550,opportunity,opportunity,"{""COUNTRY"": ""PE"", ""CITY"": ""Lima"", ""ZONE"": ""San Luis Red""}",PE | Lima | San Luis Red,pct_restaurants_sessions_optimal_assortment,% Restaurants Sessions With Optimal Assortment,L0W,1.0,0.6358,0.45,0.6176493000000001,pending_business_validation,provisional,"{""gap_pct"": 5.765246658986964, ""high_priority_zone"": false, ""is_peer_outperform"": true, ""streak_improvement"": 4}","{""peer_confidence"": ""reliable"", ""peer_group_size"": 28}",,,"direction provisional; validation_status=pending_business_validation; oportunidad basada en reglas, no causalidad",0.9884203265,0.0018325698000000168,1.9946484127352666,,4.0,primary/fallback_behavior,28.0,reliable,,0.14610262956,0.84231769694,5.765246658986964,,,,
INS-005324,opportunity,opportunity,"{""COUNTRY"": ""MX"", ""CITY"": ""Tuxpam"", ""ZONE"": ""TUX_Centro""}",MX | Tuxpam | TUX_Centro,mltv_top_verticals_adoption,MLTV Top Verticals Adoption,L0W,1.0,0.6358,0.45,0.6176493000000001,pending_business_validation,provisional,"{""gap_pct"": 0.5590336640533305, ""high_priority_zone"": false, ""is_peer_outperform"": true, ""streak_improvement"": 3}","{""peer_confidence"": ""reliable"", ""peer_group_size"": 90}",,,"direction provisional; validation_status=pending_business_validation; oportunidad basada en reglas, no causalidad",0.1443162902,0.006518826300000002,1.0834445435170552,,3.0,primary/fallback_behavior,90.0,reliable,,0.09256778319,0.05174850701,0.5590336640533305,,,,
INS-005116,opportunity,opportunity,"{""COUNTRY"": ""BR"", ""CITY"": ""Grande São Paulo"", ""ZONE"": ""SP - SP - Vila Matilde/Penha""}",BR | Grande São Paulo | SP - SP - Vila Matilde/Penha,pro_adoption_last_week,Pro Adoption (Last Week Status),L0W,1.0,0.6358,0.45,0.6176493000000001,pending_business_validation,provisional,"{""gap_pct"": 0.33366633393336675, ""high_priority_zone"": false, ""is_peer_outperform"": true, ""streak_improvement"": 5}","{""peer_confidence"": ""reliable"", ""peer_group_size"": 137}",,,"direction provisional; validation_status=pending_business_validation; oportunidad basada en reglas, no causalidad",0.4445554446,0.026373626400000016,3.146474589368976,,5.0,primary/fallback_behavior,137.0,reliable,,0.3333333333,0.11122211130000004,0.33366633393336675,,,,
INS-005616,opportunity,opportunity,"{""COUNTRY"": ""BR"", ""CITY"": ""Niteroi"", ""ZONE"": ""Regiao_oceanica""}",BR | Niteroi | Regiao_oceanica,mltv_top_verticals_adoption,MLTV Top Verticals Adoption,L0W,1.0,0.6358,0.45,0.6176493000000001,pending_business_validation,provisional,"{""gap_pct"": 0.41591872015680037, ""high_priority_zone"": false, ""is_peer_outperform"": true, ""streak_improvement"": 3}","{""peer_confidence"": ""reliable"", ""peer_group_size"": 113}",,,"direction provisional; validation_status=pending_business_validation; oportunidad basada en reglas, no causalidad",0.2344132104,0.06919252429999997,2.318649461194854,,3.0,primary/fallback_behavior,113.0,reliable,,0.1655555556,0.0688576548,0.41591872015680037,,,,
INS-005117,opportunity,opportunity,"{""COUNTRY"": ""BR"", ""CITY"": ""Grande São Paulo"", ""ZONE"": ""SP - SP - Vila Matilde/Penha""}",BR | Grande São Paulo | SP - SP - Vila Matilde/Penha,restaurants_markdowns_gmv,Restaurants Markdowns / GMV,L0W,1.0,0.6358,0.45,0.6176493000000001,pending_business_validation,provisional,"{""gap_pct"": -0.3415139444074972, ""high_priority_zone"": false, ""is_peer_outperform"": true, ""streak_improvement"": 5}","{""peer_confidence"": ""reliable"", ""peer_group_size"": 92}",,,"direction provisional; validation_status=pending_business_validation; oportunidad basada en reglas, no causalidad",0.07606155617,-0.005435897129999992,-1.5084164259286448,,5.0,primary/fallback_behavior,92.0,reliable,,0.1155097447,-0.03944818853,-0.3415139444074972,,,,
INS-005323,opportunity,opportunity,"{""COUNTRY"": ""CL"", ""CITY"": ""Temuco"", ""ZONE"": ""U_Catolica""}",CL | Temuco | U_Catolica,mltv_top_verticals_adoption,MLTV Top Verticals Adoption,L0W,1.0,0.6358,0.45,0.6176493000000001,pending_business_validation,provisional,"{""gap_pct"": 0.2633748215311344, ""high_priority_zone"": false, ""is_peer_outperform"": true, ""streak_improvement"": 5}","{""peer_confidence"": ""reliable"", ""peer_group_size"": 19}",,,"direction provisional; validation_status=pending_business_validation; oportunidad basada en reglas, no causalidad",0.06179469078,0.011726370770000001,2.2196070008382183,,5.0,primary/fallback_behavior,19.0,reliable,,0.04891239696,0.012882293820000001,0.2633748215311344,,,,
INS-004445,opportunity,opportunity,"{""COUNTRY"": ""BR"", ""CITY"": ""Fortaleza"", ""ZONE"": ""ce_for_pici/joquei_c/parangaba""}",BR | Fortaleza | ce_for_pici/joquei_c/parangaba,gross_profit_ue,Gross Profit UE,L0W,1.0,0.6358,0.45,0.6176493000000001,pending_business_validation,provisional,"{""gap_pct"": -4.648883647314448, ""high_priority_zone"": false, ""is_peer_outperform"": true, ""streak_improvement"": 4}","{""peer_confidence"": ""reliable"", ""peer_group_size"": 133}",,,"direction provisional; validation_status=pending_business_validation; oportunidad basada en reglas, no causalidad",1.806535411,1.5884130888,1.8320418437635533,,4.0,primary/fallback_behavior,133.0,reliable,,-0.4950926326,2.3016280436,-4.648883647314448,,,,
INS-004462,opportunity,opportunity,"{""COUNTRY"": ""EC"", ""CITY"": ""Guayaquil"", ""ZONE"": ""Mapasingue""}",EC | Guayaquil | Mapasingue,gross_profit_ue,Gross Profit UE,L0W,1.0,0.6358,0.45,0.6176493000000001,pending_business_validation,provisional,"{""gap_pct"": 7.764495138922693, ""high_priority_zone"": false, ""is_peer_outperform"": true, ""streak_improvement"": 4}","{""peer_confidence"": ""reliable"", ""peer_group_size"": 28}",,,"direction provisional; validation_status=pending_business_validation; oportunidad basada en reglas, no causalidad",2.06610415,0.7568553450000002,0.6745000000000001,,4.0,primary/fallback_behavior,28.0,reliable,,0.23573567185,1.83036847815,7.764495138922693,,,,
INS-004105,opportunity,opportunity,"{""COUNTRY"": ""CO"", ""CITY"": ""Mosquera/ Funza"", ""ZONE"": ""Mosquera - Funza""}",CO | Mosquera/ Funza | Mosquera - Funza,gross_profit_ue,Gross Profit UE,L0W,1.0,0.6358,0.45,0.6176493000000001,pending_business_validation,provisional,"{""gap_pct"": 0.6557192849591417, ""high_priority_zone"": false, ""is_peer_outperform"": true, ""streak_improvement"": 6}","{""peer_confidence"": ""reliable"", ""peer_group_size"": 41}",,,"direction provisional; validation_status=pending_business_validation; oportunidad basada en reglas, no causalidad",3.468530545,0.10658655400000017,1.7614083047789526,,6.0,primary/fallback_behavior,41.0,reliable,,2.094878387,1.373652158,0.6557192849591417,,,,
INS-004925,opportunity,opportunity,"{""COUNTRY"": ""BR"", ""CITY"": ""Fortaleza"", ""ZONE"": ""ce_for_pici/joquei_c/parangaba""}",BR | Fortaleza | ce_for_pici/joquei_c/parangaba,pro_adoption_last_week,Pro Adoption (Last Week Status),L0W,1.0,0.6358,0.45,0.6176493000000001,pending_business_validation,provisional,"{""gap_pct"": 0.6271186443627118, ""high_priority_zone"": false, ""is_peer_outperform"": true, ""streak_improvement"": 6}","{""peer_confidence"": ""reliable"", ""peer_group_size"": 137}",,,"direction provisional; validation_status=pending_business_validation; oportunidad basada en reglas, no causalidad",0.5423728814,0.01450402889999991,3.1412226724988632,,6.0,primary/fallback_behavior,137.0,reliable,,0.3333333333,0.20903954809999997,0.6271186443627118,,,,
INS-004400,opportunity,opportunity,"{""COUNTRY"": ""BR"", ""CITY"": ""Brasilia"", ""ZONE"": ""DF - BSB - Lago Norte""}",BR | Brasilia | DF - BSB - Lago Norte,gross_profit_ue,Gross Profit UE,L0W,1.0,0.6358,0.45,0.6176493000000001,pending_business_validation,provisional,"{""gap_pct"": -10.629579801991985, ""high_priority_zone"": false, ""is_peer_outperform"": true, ""streak_improvement"": 3}","{""peer_confidence"": ""reliable"", ""peer_group_size"": 133}",,,"direction provisional; validation_status=pending_business_validation; oportunidad basada en reglas, no causalidad",4.767534015,0.8254790289999998,1.7762032801122962,,3.0,primary/fallback_behavior,133.0,reliable,,-0.4950926326,5.262626647599999,-10.629579801991985,,,,
INS-003909,opportunity,opportunity,"{""COUNTRY"": ""BR"", ""CITY"": ""Rio De Janeiro"", ""ZONE"": ""Sao Cristovao""}",BR | Rio De Janeiro | Sao Cristovao,gross_profit_ue,Gross Profit UE,L0W,1.0,0.6358,0.45,0.6176493000000001,pending_business_validation,provisional,"{""gap_pct"": -3.78899870464362, ""high_priority_zone"": false, ""is_peer_outperform"": true, ""streak_improvement"": 7}","{""peer_confidence"": ""reliable"", ""peer_group_size"": 133}",,,"direction provisional; validation_status=pending_business_validation; oportunidad basada en reglas, no causalidad",1.380812711,0.18880605399999983,0.8798587709591376,,7.0,primary/fallback_behavior,133.0,reliable,,-0.4950926326,1.8759053436,-3.78899870464362,,,,
INS-005011,opportunity,opportunity,"{""COUNTRY"": ""BR"", ""CITY"": ""Santos"", ""ZONE"": ""Vilao Sao Jorge""}",BR | Santos | Vilao Sao Jorge,mltv_top_verticals_adoption,MLTV Top Verticals Adoption,L0W,1.0,0.6358,0.45,0.6176493000000001,pending_business_validation,provisional,"{""gap_pct"": 1.5886864807815613, ""high_priority_zone"": false, ""is_peer_outperform"": true, ""streak_improvement"": 3}","{""peer_confidence"": ""reliable"", ""peer_group_size"": 113}",,,"direction provisional; validation_status=pending_business_validation; oportunidad basada en reglas, no causalidad",0.4285714286,0.10714285720000005,2.813674158345922,,3.0,primary/fallback_behavior,113.0,reliable,,0.1655555556,0.26301587300000007,1.5886864807815613,,,,
INS-006063,opportunity,opportunity,"{""COUNTRY"": ""BR"", ""CITY"": ""Rio De Janeiro"", ""ZONE"": ""Sao Cristovao""}",BR | Rio De Janeiro | Sao Cristovao,pro_adoption_last_week,Pro Adoption (Last Week Status),L0W,1.0,0.6358,0.45,0.6176493000000001,pending_business_validation,provisional,"{""gap_pct"": 0.42465753424246583, ""high_priority_zone"": false, ""is_peer_outperform"": true, ""streak_improvement"": 5}","{""peer_confidence"": ""reliable"", ""peer_group_size"": 137}",,,"direction provisional; validation_status=pending_business_validation; oportunidad basada en reglas, no causalidad",0.4748858447,0.04631441609999998,4.632726129163656,,5.0,primary/fallback_behavior,137.0,reliable,,0.3333333333,0.14155251140000003,0.42465753424246583,,,,
INS-006136,opportunity,opportunity,"{""COUNTRY"": ""CL"", ""CITY"": ""Santiago De Chile"", ""ZONE"": ""Colina""}",CL | Santiago De Chile | Colina,mltv_top_verticals_adoption,MLTV Top Verticals Adoption,L0W,1.0,0.6358,0.45,0.6176493000000001,pending_business_validation,provisional,"{""gap_pct"": 0.690430109111545, ""high_priority_zone"": false, ""is_peer_outperform"": true, ""streak_improvement"": 5}","{""peer_confidence"": ""reliable"", ""peer_group_size"": 19}",,,"direction provisional; validation_status=pending_business_validation; oportunidad basada en reglas, no causalidad",0.08268298853,0.004372685479999999,2.755382576202717,,5.0,primary/fallback_behavior,19.0,reliable,,0.04891239696,0.03377059157,0.690430109111545,,,,
INS-004660,opportunity,opportunity,"{""COUNTRY"": ""BR"", ""CITY"": ""Brasilia"", ""ZONE"": ""DF - BSB - Lago Norte""}",BR | Brasilia | DF - BSB - Lago Norte,mltv_top_verticals_adoption,MLTV Top Verticals Adoption,L0W,1.0,0.6358,0.45,0.6176493000000001,pending_business_validation,provisional,"{""gap_pct"": 1.177060377066561, ""high_priority_zone"": false, ""is_peer_outperform"": true, ""streak_improvement"": 4}","{""peer_confidence"": ""reliable"", ""peer_group_size"": 113}",,,"direction provisional; validation_status=pending_business_validation; oportunidad basada en reglas, no causalidad",0.3604244403,0.0038215922000000013,2.378858456961342,,4.0,primary/fallback_behavior,113.0,reliable,,0.1655555556,0.1948688847,1.177060377066561,,,,
INS-005644,opportunity,opportunity,"{""COUNTRY"": ""PE"", ""CITY"": ""Lima"", ""ZONE"": ""San Luis Red""}",PE | Lima | San Luis Red,mltv_top_verticals_adoption,MLTV Top Verticals Adoption,L0W,1.0,0.6358,0.45,0.6176493000000001,pending_business_validation,provisional,"{""gap_pct"": 0.40965943097334895, ""high_priority_zone"": false, ""is_peer_outperform"": true, ""streak_improvement"": 3}","{""peer_confidence"": ""reliable"", ""peer_group_size"": 26}",,,"direction provisional; validation_status=pending_business_validation; oportunidad basada en reglas, no causalidad",0.09501067459,0.001210723299999994,0.09127031797078446,,3.0,primary/fallback_behavior,26.0,reliable,,0.067399736775,0.027610937815,0.40965943097334895,,,,
INS-005702,opportunity,opportunity,"{""COUNTRY"": ""BR"", ""CITY"": ""Niteroi"", ""ZONE"": ""Regiao_oceanica""}",BR | Niteroi | Regiao_oceanica,pro_adoption_last_week,Pro Adoption (Last Week Status),L0W,1.0,0.6358,0.45,0.6176493000000001,pending_business_validation,provisional,"{""gap_pct"": 0.7647058824764706, ""high_priority_zone"": false, ""is_peer_outperform"": true, ""streak_improvement"": 5}","{""peer_confidence"": ""reliable"", ""peer_group_size"": 137}",,,"direction provisional; validation_status=pending_business_validation; oportunidad basada en reglas, no causalidad",0.5882352941,0.023017902799999934,5.038352936566143,,5.0,primary/fallback_behavior,137.0,reliable,,0.3333333333,0.2549019608,0.7647058824764706,,,,
INS-005755,opportunity,opportunity,"{""COUNTRY"": ""BR"", ""CITY"": ""Grande São Paulo"", ""ZONE"": ""SP - SP - Jardim Sao Luis""}",BR | Grande São Paulo | SP - SP - Jardim Sao Luis,mltv_top_verticals_adoption,MLTV Top Verticals Adoption,L0W,1.0,0.6358,0.45,0.6176493000000001,pending_business_validation,provisional,"{""gap_pct"": 1.2592760819438187, ""high_priority_zone"": false, ""is_peer_outperform"": true, ""streak_improvement"": 4}","{""peer_confidence"": ""reliable"", ""peer_group_size"": 113}",,,"direction provisional; validation_status=pending_business_validation; oportunidad basada en reglas, no causalidad",0.374035707,0.010012734999999995,7.35430275538147,,4.0,primary/fallback_behavior,113.0,reliable,,0.1655555556,0.2084801514,1.2592760819438187,,,,
INS-005756,opportunity,opportunity,"{""COUNTRY"": ""BR"", ""CITY"": ""Grande São Paulo"", ""ZONE"": ""SP - SP - Jardim Sao Luis""}",BR | Grande São Paulo | SP - SP - Jardim Sao Luis,pro_adoption_last_week,Pro Adoption (Last Week Status),L0W,1.0,0.6358,0.45,0.6176493000000001,pending_business_validation,provisional,"{""gap_pct"": 0.37462686573746273, ""high_priority_zone"": false, ""is_peer_outperform"": true, ""streak_improvement"": 5}","{""peer_confidence"": ""reliable"", ""peer_group_size"": 137}",,,"direction provisional; validation_status=pending_business_validation; oportunidad basada en reglas, no causalidad",0.4582089552,0.020868801699999995,3.867242874627436,,5.0,primary/fallback_behavior,137.0,reliable,,0.3333333333,0.12487562190000001,0.37462686573746273,,,,
INS-005909,opportunity,opportunity,"{""COUNTRY"": ""AR"", ""CITY"": ""Mendoza"", ""ZONE"": ""GRAN_MENDOZA_NORTE""}",AR | Mendoza | GRAN_MENDOZA_NORTE,pro_adoption_last_week,Pro Adoption (Last Week Status),L0W,1.0,0.6358,0.45,0.6176493000000001,pending_business_validation,provisional,"{""gap_pct"": 0.19240629407354648, ""high_priority_zone"": false, ""is_peer_outperform"": true, ""streak_improvement"": 8}","{""peer_confidence"": ""reliable"", ""peer_group_size"": 32}",,,"direction provisional; validation_status=pending_business_validation; oportunidad basada en reglas, no causalidad",0.2844509948,0.0162775067,0.6965441800046078,,8.0,primary/fallback_behavior,32.0,reliable,,0.23855207425000002,0.04589892055,0.19240629407354648,,,,
INS-006036,opportunity,opportunity,"{""COUNTRY"": ""MX"", ""CITY"": ""Tuxpam"", ""ZONE"": ""TUX_Tampamacchoco""}",MX | Tuxpam | TUX_Tampamacchoco,restaurants_markdowns_gmv,Restaurants Markdowns / GMV,L0W,1.0,0.6358,0.45,0.6176493000000001,pending_business_validation,provisional,"{""gap_pct"": -0.3149232317189324, ""high_priority_zone"": false, ""is_peer_outperform"": true, ""streak_improvement"": 6}","{""peer_confidence"": ""reliable"", ""peer_group_size"": 83}",,,"direction provisional; validation_status=pending_business_validation; oportunidad basada en reglas, no causalidad",0.07069933702,-0.012509735420000001,-2.203336674859493,,6.0,primary/fallback_behavior,83.0,reliable,,0.1031991454,-0.032499808379999995,-0.3149232317189324,,,,
INS-006032,opportunity,opportunity,"{""COUNTRY"": ""BR"", ""CITY"": ""Natal"", ""ZONE"": ""RN - NAT - Zona Sul""}",BR | Natal | RN - NAT - Zona Sul,mltv_top_verticals_adoption,MLTV Top Verticals Adoption,L0W,1.0,0.6358,0.45,0.6176493000000001,pending_business_validation,provisional,"{""gap_pct"": 0.7963067220681056, ""high_priority_zone"": false, ""is_peer_outperform"": true, ""streak_improvement"": 4}","{""peer_confidence"": ""reliable"", ""peer_group_size"": 113}",,,"direction provisional; validation_status=pending_business_validation; oportunidad basada en reglas, no causalidad",0.2973885574,0.00453200279999999,6.937428810143658,,4.0,primary/fallback_behavior,113.0,reliable,,0.1655555556,0.1318330018,0.7963067220681056,,,,
INS-005956,opportunity,opportunity,"{""COUNTRY"": ""AR"", ""CITY"": ""Mendoza"", ""ZONE"": ""GRAN_MENDOZA_NORTE""}",AR | Mendoza | GRAN_MENDOZA_NORTE,pct_restaurants_sessions_optimal_assortment,% Restaurants Sessions With Optimal Assortment,L0W,1.0,0.6358,0.45,0.6176493000000001,pending_business_validation,provisional,"{""gap_pct"": 30386.76973793429, ""high_priority_zone"": false, ""is_peer_outperform"": true, ""streak_improvement"": 8}","{""peer_confidence"": ""reliable"", ""peer_group_size"": 32}",,,"direction provisional; validation_status=pending_business_validation; oportunidad basada en reglas, no causalidad",0.2189320586,0.011738336300000013,1.3532693504426165,,8.0,primary/fallback_behavior,32.0,reliable,,7.20461095e-06,0.21892485398905,30386.76973793429,,,,
INS-006421,opportunity,opportunity,"{""COUNTRY"": ""CO"", ""CITY"": ""Cali"", ""ZONE"": ""TERRON COLORADO""}",CO | Cali | TERRON COLORADO,restaurants_ss_atc_cvr,Restaurants SS > ATC CVR,L0W,1.0,0.6358,0.45,0.6176493000000001,pending_business_validation,provisional,"{""gap_pct"": 0.2737373883966522, ""high_priority_zone"": false, ""is_peer_outperform"": true, ""streak_improvement"": 5}","{""peer_confidence"": ""reliable"", ""peer_group_size"": 39}",,,"direction provisional; validation_status=pending_business_validation; oportunidad basada en reglas, no causalidad",0.6625368274,0.012055461200000006,2.9953896915235174,,5.0,primary/fallback_behavior,39.0,reliable,,0.5201518252,0.14238500219999994,0.2737373883966522,,,,
INS-004328,opportunity,opportunity,"{""COUNTRY"": ""MX"", ""CITY"": ""Cadereyta De Jimenez"", ""ZONE"": ""CENTRO CAD""}",MX | Cadereyta De Jimenez | CENTRO CAD,gross_profit_ue,Gross Profit UE,L0W,1.0,0.6358,0.45,0.6176493000000001,pending_business_validation,provisional,"{""gap_pct"": 0.7538238160775765, ""high_priority_zone"": false, ""is_peer_outperform"": true, ""streak_improvement"": 3}","{""peer_confidence"": ""reliable"", ""peer_group_size"": 93}",,,"direction provisional; validation_status=pending_business_validation; oportunidad basada en reglas, no causalidad",2.612914973,0.006402572000000273,0.6745,,3.0,primary/fallback_behavior,93.0,reliable,,1.489838916,1.123076057,0.7538238160775765,,,,
INS-000639,persistent_deterioration,persistent_deterioration,"{""COUNTRY"": ""MX"", ""CITY"": ""Chihuahua"", ""ZONE"": ""CH_TECNOLOGICO""}",MX | Chihuahua | CH_TECNOLOGICO,restaurants_ss_atc_cvr,Restaurants SS > ATC CVR,L0W,0.85,0.65025,0.75,0.6156708750000001,pending_business_validation,provisional,"{""streak_length"": 6, ""streak_threshold"": 3, ""worsening_share_last4"": 1.0, ""wow_delta_current"": -0.006350809099999966}",,,,direction provisional; validation_status=pending_business_validation; streak threshold provisional,0.5231320469,-0.006350809099999966,-3.1122649693662527,0.85,6.0,not_applicable,,,,,,,,,,
INS-000057,anomaly,anomaly_point,"{""COUNTRY"": ""PE"", ""CITY"": ""Arequipa"", ""ZONE"": ""Cercado Arequipa""}",PE | Arequipa | Cercado Arequipa,gross_profit_ue,Gross Profit UE,L0W,1.0,0.686375,1.0,0.612924215625,pending_business_validation,provisional,"{""mad"": 0.12333065999999993, ""median_value"": 1.201794356, ""modified_z"": -3.2448999295588807, ""prev_value"": 1.470317334, ""raw_value"": 0.6084724139, ""thresholds"": {""robust_z"": 2.5, ""wow_pct"": 0.1}, ""wow_delta"": -0.8618449201, ""wow_pct"": -0.5861625243547595}",,,,direction provisional; validation_status=pending_business_validation; thresholds provisionales,0.6084724139,-0.8618449201,-3.2448999295588807,,,not_applicable,,,,,,,,,,
INS-000009,anomaly,anomaly_point,"{""COUNTRY"": ""MX"", ""CITY"": ""Monterrey"", ""ZONE"": ""MTY_Apodaca_Huinalá""}",MX | Monterrey | MTY_Apodaca_Huinalá,gross_profit_ue,Gross Profit UE,L0W,1.0,0.686375,1.0,0.612924215625,pending_business_validation,provisional,"{""mad"": 0.027261359300000065, ""median_value"": -0.8750664839, ""modified_z"": 24.92157940729127, ""prev_value"": 0.2603293784, ""raw_value"": 0.1321924198, ""thresholds"": {""robust_z"": 2.5, ""wow_pct"": 0.1}, ""wow_delta"": -0.1281369586, ""wow_pct"": -0.4922109036926122}",,,,direction provisional; validation_status=pending_business_validation; thresholds provisionales,0.1321924198,-0.1281369586,24.92157940729127,,,not_applicable,,,,,,,,,,
INS-000068,anomaly,anomaly_point,"{""COUNTRY"": ""PE"", ""CITY"": ""Lima"", ""ZONE"": ""San Juan de Lurigancho""}",PE | Lima | San Juan de Lurigancho,gross_profit_ue,Gross Profit UE,L0W,1.0,0.686375,1.0,0.612924215625,pending_business_validation,provisional,"{""mad"": 0.16579253670000005, ""median_value"": 0.5337120917, ""modified_z"": -2.7865311113962217, ""prev_value"": 1.075527178, ""raw_value"": -0.1512190596, ""thresholds"": {""robust_z"": 2.5, ""wow_pct"": 0.1}, ""wow_delta"": -1.2267462376, ""wow_pct"": -1.1405999427008435}",,,,direction provisional; validation_status=pending_business_validation; thresholds provisionales,-0.1512190596,-1.2267462376,-2.7865311113962217,,,not_applicable,,,,,,,,,,
INS-000065,anomaly,anomaly_point,"{""COUNTRY"": ""PE"", ""CITY"": ""Lima"", ""ZONE"": ""Cono norte""}",PE | Lima | Cono norte,gross_profit_ue,Gross Profit UE,L0W,1.0,0.686375,1.0,0.612924215625,pending_business_validation,provisional,"{""mad"": 0.1587967105, ""median_value"": 0.8752377546, ""modified_z"": -3.8414153332454894, ""prev_value"": 1.184633968, ""raw_value"": -0.02914196161, ""thresholds"": {""robust_z"": 2.5, ""wow_pct"": 0.1}, ""wow_delta"": -1.21377592961, ""wow_pct"": -1.024599971296788}",,,,direction provisional; validation_status=pending_business_validation; thresholds provisionales,-0.02914196161,-1.21377592961,-3.8414153332454894,,,not_applicable,,,,,,,,,,
INS-000036,anomaly,anomaly_point,"{""COUNTRY"": ""PE"", ""CITY"": ""Lima"", ""ZONE"": ""San Juan de Miraflores""}",PE | Lima | San Juan de Miraflores,gross_profit_ue,Gross Profit UE,L0W,1.0,0.686375,1.0,0.612924215625,pending_business_validation,provisional,"{""mad"": 0.1153168200000001, ""median_value"": 1.127184056, ""modified_z"": -2.5934709550909374, ""prev_value"": 1.360305844, ""raw_value"": 0.6837877279, ""thresholds"": {""robust_z"": 2.5, ""wow_pct"": 0.1}, ""wow_delta"": -0.6765181161, ""wow_pct"": -0.497327949507802}",,,,direction provisional; validation_status=pending_business_validation; thresholds provisionales,0.6837877279,-0.6765181161,-2.5934709550909374,,,not_applicable,,,,,,,,,,
INS-000026,anomaly,anomaly_point,"{""COUNTRY"": ""PE"", ""CITY"": ""Lima"", ""ZONE"": ""La Molina""}",PE | Lima | La Molina,gross_profit_ue,Gross Profit UE,L0W,1.0,0.686375,1.0,0.612924215625,pending_business_validation,provisional,"{""mad"": 0.06102350099999976, ""median_value"": 2.55238323, ""modified_z"": -16.42541281035324, ""prev_value"": 2.765201114, ""raw_value"": 1.066339946, ""thresholds"": {""robust_z"": 2.5, ""wow_pct"": 0.1}, ""wow_delta"": -1.6988611679999999, ""wow_pct"": -0.6143716489186978}",,,,direction provisional; validation_status=pending_business_validation; thresholds provisionales,1.066339946,-1.6988611679999999,-16.42541281035324,,,not_applicable,,,,,,,,,,
